ID,appliances
2133,3.7379098890714393
7730,3.782739219848563
8852,3.857123897148583
16841,4.572424523668556
1890,4.669498577300017
18697,4.18191070963714
13326,4.584505441388585
18874,4.777084926337121
18914,4.076611431065716
17920,3.6063522174142864
1692,4.872422449285704
5792,4.1493698552714315
12386,4.62572256351429
4605,4.717100385259987
2726,4.969277610259991
14647,5.502920314197156
6735,4.849496175479978
2993,5.751776347854297
16392,4.231247595008565
7305,4.893934452617135
16442,4.32406297752001
17204,3.9120230050000204
12179,4.501041397054284
17466,4.066883492588573
8815,4.902263776962864
14274,4.669913013474281
19633,4.092364794619999
18317,4.078589625451428
1720,4.443856426354309
4417,4.097777896334285
638,3.5377230122971373
12899,3.988120638528582
14814,4.961823934262851
6286,3.7289558407542973
3703,4.035752595537144
11000,4.09318793362857
5351,4.5004979678085535
1219,3.8163264571543016
1362,3.7301954889200117
11365,4.5104183035685965
13060,4.040512519411448
4894,4.627416882037115
15171,4.010867550400005
1964,3.8797693454943034
6547,3.909859335520019
8851,3.898334199488582
2543,3.6885461553714407
2275,3.5952163477657124
12556,4.256104925968564
284,4.241677088185716
3181,4.69270218075427
14724,4.118141400157142
11266,4.01291106811144
10571,3.994131042528582
7934,5.085383784457171
10715,3.76782119412287
19415,4.0377881497657215
16245,3.872198333560005
7458,4.438146948171444
5144,5.281519169222821
2661,3.5200225064999944
18383,4.0692454092542985
3788,3.546212027108581
12235,5.1686149003171336
14684,5.69283983701427
15215,4.0175563772942935
11583,4.060084975434286
18666,4.643356308060003
14913,3.9991412553485843
3651,3.8374293036657314
2481,3.7701309414685835
7459,4.445876546091449
16445,4.183966762705734
1602,3.1306055504771453
18877,4.72395668916855
7168,4.016336300994305
15279,4.775916870839992
7451,4.139232737662872
14340,3.9013738031085787
14219,3.833109150971442
12440,4.074150874531429
94,4.196581414560007
17550,4.059723833411436
11592,3.720414303125726
15131,4.66429305893141
9515,5.3161139460714155
7946,5.6000701704628275
18069,4.019575572288577
12821,4.795134832768545
11427,3.930316334608583
4436,4.734797255685692
11091,4.808025613991412
6584,4.27425903183715
11309,3.914888489177162
2818,3.6895113820800116
950,4.047211330159999
7781,4.229589204208575
18761,3.9491992834857315
5148,4.7897679147342735
6700,3.629727722125716
14805,5.2824591596571135
13852,4.506525923971419
18450,4.902745014074305
9565,3.6888055091314182
12998,3.836431798859993
17161,4.26560838234285
13602,4.088753786980005
11963,4.801178063465693
16786,4.095921351185714
4706,4.507795215288571
18986,4.709298772682839
176,3.991814135751445
14753,4.084607930408578
17777,3.96227320910573
9315,5.480328893920019
16810,4.79518606214571
11758,3.953057195314292
12598,3.590647492299995
10087,4.269857176928582
17721,5.902675369445694
12463,3.983044693471442
15285,4.607933581271406
85,3.8388778626628497
12139,3.992435912948584
167,4.1093308780571425
5070,4.444182999582857
11697,4.003204816520006
13502,4.347566181554301
17970,4.564487164940018
14401,4.73055842091144
2254,4.007654144400006
18031,4.51270621923145
2438,3.351717657188577
2069,3.912407515542876
13644,5.179271621988553
12492,4.0511935793085865
4125,3.723608041380011
15291,4.172964971825729
147,4.995910870737121
7713,3.8234404715028703
11842,3.9800108277400073
12359,4.6132119399685685
17873,4.562008947588588
5942,4.147103058954285
14539,4.536886338897158
19703,4.77467493237145
5394,4.132605079594286
11557,4.143038743805712
19180,4.157006339902858
5149,4.552978438522847
14792,4.877033911100005
6688,3.8225143285400165
19259,4.443072743868591
16796,4.677677153945719
10730,3.918040761274306
12729,3.9312487340457327
6872,4.010387693062871
7717,3.8905946088457313
9128,3.8704620851914466
4089,3.7026788001942954
13876,3.9483209627285825
13119,4.7409647038714064
11409,4.004589249994293
2299,3.741991439240011
16015,4.286151440151431
8056,5.481206668548556
12859,3.7997886718657226
9482,3.9867787070685896
13206,4.053994721791433
3166,4.151418316548575
4061,4.568202707117143
2836,5.581565927768565
10575,4.061189640105716
18650,4.187723594931434
7949,4.816321441297134
469,3.702435513480003
5458,4.043512597774299
17423,4.496081052791444
14100,3.9233446861057253
18664,4.496206428168582
16189,4.034644572548574
13337,4.064640611091437
7222,4.469514794045725
18893,4.453539232760027
1544,3.7915366863399895
19356,4.034741780968576
16381,4.483867695565735
17811,5.067465599211417
9584,3.8850125103428765
4903,4.56588152231144
14294,3.603256731539989
14142,3.5376301287771352
13800,4.888140389879993
7793,4.475369797231434
4093,3.4776829277428454
18656,4.139816445477146
16398,4.251339573011421
19459,4.543942108751434
18695,4.232731651145707
3824,3.813119439308585
17766,4.0147758531371505
14851,4.771201955802833
10807,4.767567771957125
15492,4.271505803657144
12560,4.077516968231435
14378,4.031646059097151
11993,4.1231226562000005
2359,3.55116795946571
2791,3.7978281485143
10639,4.8113531801171625
6473,5.0229831781371574
7527,3.8475332910685793
12490,4.040138704340017
435,5.411166312937144
13734,3.965365721242868
14629,4.564228718242845
10286,3.839193782765719
18154,4.955225982794272
9061,5.358042878891421
11504,4.66137768989713
18160,4.73573055697712
2996,5.5715999582400215
14054,3.926064273957161
17729,4.959802066560016
16735,4.0714597060114315
2857,5.262456059651443
1432,3.768780596345726
7791,4.468913094325724
3371,3.835253717665731
10603,4.131175437062875
15667,5.3130772034600025
3448,4.32406339129999
4800,3.937726716351443
17145,4.8729932061199825
10895,4.335047950197137
4308,4.73267493458856
6978,3.881893101691423
6373,4.135096002065713
8437,3.4999953646428588
8833,4.042888598685718
16124,4.299308726582856
14591,4.038976744025719
6216,4.589053046968588
14408,5.53916247034287
8451,4.329336008674291
15543,4.6670019356685835
16589,4.158898709485721
177,4.0607087357285865
15117,4.317172791240021
18107,4.621500114297118
473,3.6745354614714176
7810,4.407984442071446
15651,3.918853594922865
5943,4.211469795508575
9678,3.918115415902857
9245,4.503394548362879
18286,4.3464417475571615
6164,3.8542545073228665
5135,5.903424846877158
16709,5.055875969551429
3031,4.882174313588548
11212,4.782597026902847
12292,4.001654158162864
8700,3.4391727033856982
3097,3.745546691937155
6512,4.181074282017141
9453,5.18370211584859
11631,3.979416404837161
14305,3.978736456194287
10422,3.9698801010628655
18691,4.42837973830571
16302,3.877354801700015
19516,4.004667950417155
19017,4.7961649893114116
11912,4.103513287965713
19577,4.854826182417151
1370,4.018297125925721
3090,3.7471955244057265
6730,5.61565564088287
17613,4.077675162502858
6110,3.9567046825342875
5230,3.917119607537146
9939,4.672957947517115
1442,4.0065438703714475
7089,4.162308777322855
10660,5.662775266231451
19317,4.468987873554296
11591,3.7999212656085843
1488,3.5998843396257096
19540,5.528887263791451
16665,4.581093549691432
7621,5.2910674019742885
2088,3.6435323750114375
5460,3.99292018579144
4834,4.0598293034257225
5754,4.270377927442872
8115,4.159870201265709
16714,4.971992180197123
16704,4.452263103599993
2619,4.376463647225741
1748,4.6577759778228325
14834,4.391333691137159
3101,3.8192151900685882
84,3.792380105402848
19156,5.934758334254293
11857,3.6891521876114206
6367,4.474346268634271
3053,4.252219527388576
9092,4.579355707468582
17367,4.741693128977138
3369,3.8775517404400177
7363,4.875220464717125
19137,4.199219225305715
4856,4.284067491991416
6421,3.6827233996485647
9888,4.507111044011455
8647,4.565672956919974
18806,3.967969271628588
9251,4.251770398225714
2584,3.542845513239994
17248,3.9947680139400115
9985,4.12321798074
17525,3.9934711673371552
353,3.4709778507085725
11899,3.9597114567657257
7784,5.4756690533714485
19059,3.914928628717164
5513,3.9687778210771563
14617,4.269720510054278
4993,4.406822092137153
1659,3.7624563119485854
2977,3.9391096419057243
4026,5.573465287257145
9396,3.7789120295228686
14148,4.083041985928572
14370,3.8038737832799856
17565,4.566772975145689
4100,3.75818992248287
2792,3.7272488574485827
13188,4.229664304742853
18079,3.946497019582876
19647,4.005436518817153
16565,5.0816856686743135
5,4.2445961043857166
14344,4.08643005058286
14205,4.27211595198001
1938,3.933610382080006
2884,4.915948436499994
17040,4.121947993782856
18145,4.895094881777142
6790,4.658998694662831
13898,3.894882881431447
8176,3.819896394180012
14161,3.796090320277152
2525,3.6842914635685813
5496,4.508032569882878
4454,4.78180990398855
5933,4.415349711440008
8957,4.280187793285723
14236,3.6694595747342875
9605,3.5225104099571327
10801,4.742669166665691
1617,3.69965009354287
491,3.6250721356799955
7884,4.203236991485734
4446,4.669898622559986
12877,3.962600509228579
405,5.54762973693711
219,3.812299732922868
4123,3.8469312583971513
1022,5.498627403697127
14967,4.3796730805685655
8284,3.696777001751441
2742,5.6622347956885966
14275,4.632078418225709
1263,4.356708540882859
12250,5.438664999997168
7150,4.137524399925718
14379,3.9926646084828707
3592,3.992544206591426
11731,3.604543728739996
6113,4.060410727225715
19455,4.702677884674271
14707,4.615255352651397
1225,3.579655842382856
11203,4.468181609299992
18767,4.069073216708572
4860,4.127480894902856
19393,4.495339044239999
2222,3.427445561625722
1274,4.251264154414279
16537,3.5967347457799943
6270,3.65587115318286
3493,3.984833582797157
5358,4.103503047179999
17534,3.927561345591448
16080,4.005657223577156
1395,4.098625885191426
17644,4.148009267054285
18827,6.208841277994305
19468,3.8118033314714435
3032,4.856661075771405
4469,5.168054498548555
13396,5.445536995000021
1829,5.082281415854275
16132,5.135920294602866
13676,4.406341948760028
16412,4.467818837420027
8194,3.975535718174298
18412,4.492773038445746
11658,3.964764328797159
13561,4.2481020164200025
27,4.640370377748542
7199,4.003185907365728
16741,4.078497764420001
16295,4.3203448903
925,3.66586829441143
14918,4.261110319128572
15668,5.3033677563000055
13901,3.9003078333743044
2798,3.8539052406485883
15859,4.174903431388569
18546,4.111264808754288
3730,4.170740099500001
17488,3.9223608914657326
9189,4.736872562511441
12454,3.9135497082714457
4502,4.194486348977141
8141,3.9117550613600165
7517,4.2412082007971525
18848,4.78211783873998
7698,3.8150210805000135
15238,3.87878511401716
14937,4.502988257365737
17094,4.102702363085714
3042,5.014828243345705
16931,4.011778071337152
4397,3.8264314415857292
6536,3.7797005703628717
831,5.3954342961971316
10993,4.0229361965971515
5007,4.793296887031406
14816,4.726276108045698
289,4.4327828572200145
10877,4.019429237474296
5082,3.981687715037145
15864,4.258216767208563
8404,3.9663239906771435
10747,4.101868075140007
3108,3.804339604417153
8045,5.086481826971437
3438,4.873188248991412
14915,3.964732952105731
4216,4.247114346419991
10879,4.086209481242857
5375,3.555262807239995
5613,4.433282979677147
10501,3.57395637657999
15192,3.956286522528589
4035,5.160594145785708
6672,3.8998040823828743
1865,4.441940258805743
9161,4.381225992248574
7676,3.919517605808575
18882,4.609268911794254
14094,4.046734609071429
14969,4.331501697505714
239,5.4922885574799825
472,3.593874280945702
1745,4.459498440214268
4256,4.1272178943514275
15304,3.9388213864571595
15431,4.46255932651999
11605,4.184400915971424
18644,3.986862829825735
12216,5.875643786837176
18899,4.269903627974276
6417,3.6317158792200033
14466,3.795308241811438
5707,3.5448105710714253
8896,4.665092185691418
5659,4.0087913735057255
16619,3.8038633564857225
10256,3.9636021917571465
15593,4.092861492802858
4289,4.527535001400015
14438,3.9465065060971387
15404,4.536233509577154
9820,4.596848039719972
19195,4.006165793622865
106,4.157303197545722
5096,3.750734837625723
1528,3.8293725205257223
13486,4.336134412042875
965,3.4576642654742877
1662,3.4733095803371503
12798,4.714123664805698
8596,3.993400293171444
16310,3.6050411121142814
399,5.430758624702863
19497,3.9117897364628775
16640,4.277292215380002
17588,4.5374997409314135
14675,4.4102062810457205
16757,3.9769915887857166
17798,4.041566430954295
5623,5.246672792434272
10384,4.69754324902855
15133,4.645400102691404
5965,4.055194739825718
4096,3.8075613722114405
3336,4.743521271037121
5146,5.2736224638942595
15546,5.506112921491449
11319,4.094718537277143
13415,4.3911813269743005
9566,3.5340752519857017
16623,4.125480468542857
8845,4.073401825894288
17518,3.986763714500015
7101,4.020139851459999
14840,5.132459262231413
3591,3.8569829551628527
17915,3.8436518189371576
14848,4.6868193770171205
2304,3.67686463223144
4553,4.110266891760002
18247,3.9347882750400194
8187,4.401585316708588
15946,4.207308809357148
14421,4.672827967465693
3774,4.516521573080003
15778,4.050658524840003
17643,4.141654238771434
15141,4.6281590735371125
17801,4.959361981608581
8289,3.835293779742874
2332,3.6881741394914402
19070,3.960562968491443
18585,5.245868042679964
4948,3.874871549045723
17005,3.933565069077158
12193,4.661818066579992
7434,3.935509347214305
19456,4.717757633977125
2816,3.657620013065722
17595,4.189691963268578
9805,4.610193437385701
18673,4.538061999465735
8270,3.883767388357162
19487,3.9770212125171547
1943,3.303306667771431
15412,4.860267898634269
4057,4.597746559657126
14009,4.172037980631427
3576,4.223682325031424
5681,3.800328802908587
1399,4.275373529077138
2473,3.8822980600800183
2342,3.6522738353057282
14984,4.660604895014267
6580,4.886962457282879
9812,4.687628790577123
1217,3.856756893697161
12675,5.62799536657715
6345,4.528561730628586
9363,6.046263381997161
2391,3.64344593390858
5962,3.9317892547885847
63,3.9167674428714463
7298,4.93358986577999
13017,4.066545561768573
12238,5.460321334857143
1817,3.9573870668371516
61,3.9466990321657307
5312,4.312227638034278
9634,4.099647430779998
7735,3.9818752727142965
4169,4.862064601808553
8247,3.5725840197314156
407,5.186099006625684
19076,3.9270859592600185
18319,3.956651034217157
6356,4.547696113288577
170,3.8335765548742735
16912,4.065344128808571
17479,4.03515760191715
8955,4.367686424048591
747,5.110787588179987
2206,3.5526095055742846
6932,4.1535960060885815
8025,5.646803467934267
18103,4.502481864885712
4682,3.9994078825171506
3325,4.778260021008549
12135,4.161489275025717
15835,5.2296718836228475
1451,5.920696960397161
1744,4.355177797951422
4862,4.493628254899976
8300,4.003299160099989
19538,4.6500197116685795
12920,4.577323263728585
6950,3.705318600145725
8213,4.26935374418571
5420,3.923249748331434
16882,3.92636477226002
9466,4.9301550020028575
14595,4.11324454760857
19414,4.0523293130657185
3517,3.760708563537157
13309,4.076652541740002
13164,4.0379884755171505
17610,3.9647989800428727
10718,3.60965250478857
5524,3.8829645413143044
3817,3.710746160782868
15302,3.9209189760228766
4826,4.087851490937143
2201,4.4207184306771685
2326,3.749380616705726
16286,4.665207842851408
388,5.636004896525684
12898,3.954806755860016
6412,3.725049953582866
16559,3.9119200434171555
3952,3.877216134051443
10092,4.546102216394287
5464,3.800566154860016
1483,3.743316129174294
8583,4.343307294328595
5987,3.9863145954885826
4866,4.518222744317126
7293,5.262376696991419
18646,4.121100708491451
11047,4.662718881962835
15862,4.206219761179996
13400,5.034120613514253
11650,4.047247298180011
18638,4.097382696334285
12005,4.096135286028574
8178,3.890006530300013
19234,4.314867953851426
12879,3.9464209144114393
16383,4.464765197457168
9960,4.712117594797128
11024,3.796996565885725
9997,3.7957656286685824
18171,4.314416117611444
8180,3.984247277322874
5860,3.0308449029314177
8029,5.44141611870856
5541,3.8270472841743017
19010,5.044437468502847
11028,3.943169518605729
1028,5.399975941031422
12286,3.9211997325143044
1360,3.7765367979400137
17288,4.878328619794262
4905,4.879337235034305
5727,5.347005759819969
17849,4.7660691590428454
2369,3.5249743127171502
4579,5.6664475303685435
2320,3.7322017293714413
10254,4.18785225646
15583,3.9579067571800137
1945,3.712597504931439
12973,4.825466688805699
18999,4.5440856262057245
12244,6.082827956597149
9134,3.6023646166942873
2452,3.620982375268568
18206,3.827352078454298
13155,4.053238363597151
4959,4.2322834879228495
7050,5.553865453665731
133,4.100635076560008
4802,4.028904434151435
6505,4.439589215568585
408,4.965742260748557
10557,3.977843161297155
2058,5.57139267162001
12618,4.126193044977145
16440,4.4069802192285925
7075,4.653846920582842
2764,4.541973154608575
9495,4.3405698801685615
9086,4.859425662805705
5045,4.581413116685725
2215,3.7409108845257286
6994,3.892453741402869
17190,4.049662086514294
1482,3.7869902233685786
9790,4.708659132914264
12223,5.238471005062856
2943,3.7302770353257277
18357,4.007022950700002
9538,4.18337757875714
13062,4.306510467940022
19173,4.577599812271407
14756,4.161568804968571
9483,3.918120011242875
3469,4.928056594322837
14673,4.656614429794301
6579,4.971143197597162
18419,4.410415075117171
15243,3.9983884761257213
17212,4.247686855282869
10543,3.9938199529685874
5700,3.923413494751448
15395,4.345425075705724
13908,3.9117897364628775
11792,3.8256047474085646
15494,4.384593270180019
3492,4.040537697980009
4649,4.106885611942857
898,4.201844349374284
5271,4.104906745917145
2921,4.079692038954284
2249,4.978196538354299
16837,4.571626381679974
8527,4.265844358999993
5802,3.893323304462873
5293,4.23101499933145
11018,4.101007233505715
429,4.975002920151417
14331,3.9340656220257304
14907,3.960179807340014
10786,4.261736699602867
16886,4.100684478162858
10559,3.914978363754303
13487,4.321506593311444
7333,4.148522341337143
3008,5.370315303971431
4395,3.782129214857157
12058,5.595013698457152
6758,4.184116152457144
7476,4.182847799354304
1999,3.7224554664628626
1686,4.704006731471406
6242,3.758697976145728
10843,4.124767435345715
6595,5.56958258268573
7224,4.48918265288
1723,4.14430979069716
5747,4.6393504607314195
15219,3.99304860249429
2171,3.6926046886342965
3604,4.320144547671452
443,4.731367689994272
3076,3.8643742053600167
14787,5.285928999908588
825,4.598774492591455
16277,5.224875459017149
5973,3.9014722541485916
10732,3.9543173365428705
9966,4.504018020520013
11230,4.584848902471441
5172,3.8442220059771497
13664,4.2611798655342845
4694,3.8613959461800147
18365,4.203741769728564
2804,3.709975880188576
10769,6.003171941208603
461,4.264351291648581
8562,3.5298313700542927
4129,4.249526067931428
1049,3.803670361662867
5825,3.784800631737155
11193,4.412656797765711
1841,4.794236332774256
3388,3.857501254474302
17707,5.8914447351800145
4121,4.116633428165713
1201,3.653646952560006
17982,4.487527955791448
7229,4.420370799945736
9501,4.535393001168574
978,3.824093804945731
14303,3.893085180102861
8545,3.8966466001000177
9757,5.675891550225713
14894,4.179552684311425
1614,3.5973622672200003
18510,4.084862564928572
15063,4.032914738562858
1972,3.8835383923685867
16451,3.9778191610971585
7074,4.628786826079984
8048,5.347698586651436
11102,4.827240973771408
5511,3.9688846060914433
19168,4.711094536925694
4707,4.776838551965711
17011,4.272281226337138
4878,4.619701026031399
6293,4.372317659302871
14104,4.058007234085726
16264,3.9782586927714427
4696,3.7864061931228714
14892,4.2340421763857075
7546,3.8506366292543013
10334,4.249270568599997
763,3.911764654117158
10826,4.783549287785694
8157,3.9862328958457245
11896,4.063495565777146
3351,4.332837636079994
10872,4.117995491620001
2477,3.6898378655514397
10648,5.616671791611453
13927,4.667631827628576
17935,4.030132810351437
16323,4.017918294891435
9675,4.336571330800024
19579,5.395632514737158
11276,4.219112422025708
10329,4.2243463833371475
19113,4.0050942980914375
1295,4.344225065520019
479,3.9136890156257342
1281,3.9632718592314484
17562,4.44055248759141
16202,4.009603515408573
18781,3.8329356019885843
1786,3.1972837239828595
18552,3.898324064848575
14938,4.525208502320026
741,4.735010511337123
14251,4.118482832680001
4457,4.77843095313998
17688,6.059449571508552
5508,3.941189179845711
8361,4.939950998428548
14349,3.6369185794285706
15201,4.388088894677126
10236,5.583415048431418
6740,4.650878753477118
4889,4.686619896697127
762,3.904475759557154
15480,4.247132037994308
3463,5.078961468919981
13254,6.294131174657141
5461,3.944253798300015
5156,3.9623029662571447
1801,3.7811568478143
4756,4.366979514780019
1540,4.018230371468579
10448,3.9540345103085883
3427,5.848395249214302
7336,4.312586477665724
5964,4.0395533161600055
13912,4.059301679622861
17425,4.596311892951415
4122,3.987357117448575
12263,4.283889954762851
9655,4.37105984395142
11980,4.600279126531398
17991,4.499964060431455
19085,3.993073044905729
7894,4.4455000083085965
12362,4.614092400254289
11668,3.988246200588582
3859,4.422599935591435
12949,3.961809465620013
7035,5.244470214197152
2180,4.049997199394289
18828,6.1752998923257305
14195,4.312580027157155
6201,5.369371262059991
7635,4.97610830442285
7873,3.798613435457155
9711,3.898666220397161
18229,4.484358513085704
11306,3.897419989402864
10840,4.099080579062856
7732,3.9668803808971385
8336,4.413668865937133
13590,4.164372566005712
16914,3.8574407020542933
15295,3.579752721731421
12919,4.530234403917155
17891,3.9951447534428737
11832,4.059865926391434
16254,3.851428023434284
5354,4.440148097734275
14184,4.055972775317147
13082,4.387221797877156
631,3.9231466942000184
8673,3.8153515910057174
4068,4.1505053962657135
16257,3.9458292994771513
6975,3.473000619422846
3837,3.9054708726857332
14653,5.551070611137165
7963,3.618982479114289
13943,4.632882470139986
2168,3.736900806628584
7691,3.820937126502873
2333,3.6925881377485834
12264,4.253263718868569
9787,4.482812977005711
14476,4.2278068245085825
17900,3.967842450925729
3819,3.739038930217153
1179,4.673317619882844
18604,4.146254420214282
15077,3.9049494074542896
5425,5.49291617895144
15334,3.9217670186428704
8288,3.8549673951057333
321,4.951056268322855
11507,4.4656797388200165
18352,4.093033993354287
13363,4.104565855168586
18885,4.439354632945695
11387,5.297183533897156
5239,4.213819232725706
7391,3.9000971180514474
10604,4.090426981657161
8441,3.801408585277158
11735,3.953491510305728
19015,4.844423091485704
10389,4.797926848874271
613,4.263151716628564
13506,4.187546632171435
15184,3.6226586074314246
10980,4.1872814873857225
3464,5.4918756551685535
12101,5.3040119354399975
1278,4.069798823374307
14067,3.9020094791400046
15809,4.659494093108592
16827,4.299748663374286
7444,4.330250866822872
8937,4.747823201457138
3869,3.9816320875057176
10202,3.8651460087885865
11369,4.401788133377167
4526,4.0006863686542955
8166,3.9723720601085812
6993,3.865830235354296
5396,4.138141212808572
5679,3.642341748714296
8727,3.927912329597157
17384,4.425336229011455
16863,4.685912996482831
18630,3.654154637248569
15827,4.4546801866971695
18856,5.4077552887285965
7098,3.9728063858657143
6927,3.9191998861543054
12627,4.15331150339144
17758,4.138961815708572
7410,3.917678340900016
15682,4.715549866342857
14127,4.746695429734271
13609,4.432524846299999
18765,3.9719853082000003
11906,4.036081462068582
7790,4.460346333448583
2984,4.245359748414296
3279,5.398232554791436
2815,3.6715958391857217
12291,3.9642646435628692
6708,3.9097130413571612
13719,4.226898891699996
6157,4.710130529354297
12590,3.8974256251485895
8495,4.666721440945718
17394,4.087840530374293
19528,4.587579959554301
18293,4.967391367879976
15315,3.825813327280008
1477,3.8857261305971575
17229,4.023041165645723
14280,4.18212163211143
255,3.8476385158228523
6516,4.100348585728573
14156,3.9089739873257328
4606,4.4931139069657045
16486,3.90904803271716
1900,4.35979975835715
18844,5.363285313865713
8642,4.042169072945722
1878,4.107075067862857
12171,4.050974650154289
36,4.653594618965708
7767,5.118100625614278
16982,3.9292133232314472
9751,4.888406063868571
16496,4.09463090978857
16368,4.337667643411435
5828,3.892565400860019
12270,4.0863615343942925
15347,4.098057255100001
19096,3.9310462187000192
18114,5.708076190654303
15578,4.077901341288584
10564,3.917761915837163
19439,5.183246366748576
7991,3.783001745320014
13553,4.6087847597657285
17794,4.24693064243142
14911,4.061497238688576
1291,4.223421248848592
12349,4.398444775022874
9406,3.916485171414304
5712,3.9588787715514235
10414,3.957245726462869
19150,4.789641091331407
16593,4.181225750257144
11106,5.294585874885697
12470,4.3455839445114375
10815,5.009704020585696
2354,3.196778717748574
17379,4.366038854054298
3378,3.6611322774628676
16148,4.7037070151171365
15837,5.7551332074400054
19295,4.962875363282872
12962,4.267546410945724
2865,4.639529316888586
4408,3.8466570095628736
7102,4.059152393897141
4349,4.798875040679995
16278,5.013966172405708
16681,4.547998000611456
9962,4.688175098179993
1377,3.7595091246714323
7507,4.584003633402838
144,4.326274510302854
3514,3.8893271316371623
14471,4.060030811654294
13177,4.1802328611485935
16991,4.161009787954282
5957,4.089608610862856
1055,3.8535880174343036
9400,3.8133028567543015
1525,4.1316267890971385
9214,5.0674796513914115
5154,3.980146507977147
9394,3.8315531666285816
19081,4.329753739594312
8991,3.7623140658228644
8724,3.9198259322514444
958,3.8418392770600156
8664,4.780092121614263
6609,4.164126144514289
15528,4.096501181214298
14503,3.9947164044142887
15005,4.388674816165737
7255,3.7513146529771575
16934,3.8935050059485845
12194,4.530549368514295
8104,4.2954650366457185
17560,4.227269614602852
1118,3.846022763774299
2316,3.81145656570573
9473,4.652177055239989
7,4.3433166537942896
17739,4.1423896154257145
994,3.7905689554371578
4292,4.612591667002877
2409,3.2237786094600036
296,4.608583141960002
18662,4.4963297025685875
9895,5.003904773162848
11710,3.4130672903457207
9563,4.008949552985712
8381,4.526315560082868
477,3.9932514432742963
16975,3.9379656872971593
1793,3.541382351020008
493,3.4462463301028414
5261,4.08900720390857
18946,4.043709667931441
3751,4.58356723577717
9818,4.5763153217942625
1374,4.05355629011429
16782,4.000010880871443
6572,4.325737348565728
15436,4.259082364348579
5403,3.8682740899828603
18729,4.301536199688572
10903,4.5266351207943005
9438,3.9495938003857303
17131,4.305822461739995
9248,4.314032533737138
8232,4.524950627197144
2538,3.6847342171971547
12083,5.784971956485737
16240,3.916698546897163
7624,5.334146718479987
7025,5.117722996482849
19354,4.01697097861715
7634,5.175853088785694
14450,3.971755877617157
19273,4.687197660622836
12815,5.174816756617127
4412,3.993758158268576
14717,3.980636373588591
4962,3.9295027327171472
15909,4.077778416925716
797,3.509529165742846
1883,4.119193757311424
9559,3.9412709488543
10978,4.351398468594305
6167,4.52030930107143
15000,4.681884935708554
12214,5.0791407221685745
15435,4.203475210865717
430,4.795457571937138
2328,3.738135628691437
4233,4.258797896314297
5794,4.021512375314294
8988,3.4104398184971276
6037,3.9526477389857324
2758,4.647246027799976
16906,4.000667030314293
1654,3.134919061411436
1292,4.092167205594308
7855,3.6461189944028605
5137,5.533967424725711
13470,3.911632265782868
5697,3.8730536631314454
15963,4.324740160762852
3540,3.745117356694299
2383,3.2225689245828626
5977,3.913406874325734
5955,4.095388660751429
18626,3.912628960965733
3951,3.8803505748571587
1329,4.751225766265708
1050,3.757537517497155
11952,4.607448911191435
1501,3.8446723148857305
14886,3.785336450414275
15841,5.008793350114298
4238,4.2296753777857115
7978,3.486922417122864
6435,5.033377536068557
12190,5.158222088322838
7032,5.532677002471442
13132,4.263002597222875
14364,4.049989518754291
16629,4.035281118522865
10823,4.856677978822862
3271,4.881531405391421
8457,4.485229648417156
15146,4.24093813841142
14802,5.64968719444
2142,3.7333272843428684
14464,3.927748363777149
13083,4.391816713240016
11825,4.068483021065716
17922,3.7574359117600125
14875,4.045321085500002
12534,4.197836180751444
2273,3.691578672642868
15944,4.0781690349428565
19107,3.9374694941714474
6312,4.711700986845733
17607,4.07823407065143
12010,4.062997372602862
7205,4.601640067957135
5967,4.014279945502862
9361,6.015606666831428
11215,4.658549566802835
3409,4.686243266385722
4775,4.327652101285718
10510,4.397216936385724
7953,4.184161638791433
5152,4.284698968034278
18097,4.21345693472288
13061,4.124780198265733
15079,4.001600450202859
5397,4.004609050734296
96,4.2621890723085745
6780,4.400379210920025
10928,4.299671230308563
5591,5.449712719337146
2901,4.945593764231432
16535,3.9950205984285647
6883,4.005271880168581
8899,4.495681919199997
16798,4.858099316188568
18785,4.066540071277144
16305,3.773704428831437
2515,3.8220755294571576
13268,5.5015788983000276
4503,4.219951279271429
14077,4.204829374322855
6249,3.913867640468591
15630,4.3068784433028515
1523,3.864849592411433
527,5.743718620502827
19525,4.408514762902883
19406,3.8532236789971583
6264,3.7473115222914393
11153,4.154937564305713
18310,4.642287510731418
2750,4.88689402067999
598,5.798110298397166
4001,5.60875620684573
8663,4.940229289282837
12509,3.907915378040015
13420,3.622564371411414
7034,5.342159075448582
6000,4.626373768282881
2837,5.745474944899983
6594,5.195586987020015
11607,4.09698801516
8643,4.067657944848577
2464,3.620628611242859
11455,3.8504417913400157
4483,4.787221851828567
9180,4.169887191985715
16349,4.479334982311417
16563,4.7177410510600115
9386,4.711265320654295
15616,3.853595041734302
5890,4.688558295257125
565,4.194026497754286
4092,3.4873702164885585
14121,4.824126095671413
18116,5.496371508642862
11366,4.500816046325742
4865,4.517777811902837
14106,4.228569642342855
12683,4.9503780798200125
14081,4.275476073962854
4102,3.8412200625828725
18407,4.338049168740026
9404,3.9132162834685857
2496,3.447090194334294
2422,3.7031490724485767
19507,3.9599575680428707
2732,4.963156758982841
1359,3.8314276690343005
18530,3.7825924867228564
4112,3.810662117034301
7838,3.7217880944200123
9834,4.205117669834282
16939,4.385110954519999
18579,5.388683162600011
17976,4.65084968718855
636,3.537443397705707
3219,4.056088444880004
13202,4.1463638180885765
10080,3.955869521131446
1193,3.9305536404914463
6786,4.715420363591414
9760,5.395060672260022
9887,4.49138525227717
18671,4.744510725748577
18339,4.059473450442858
19011,5.144497666568555
11418,3.3899078979771438
16483,4.009451834628575
1751,4.6713571116685495
432,5.485990435471445
7600,4.11736109167144
3988,5.1495189481771515
15344,4.117179501105715
15965,4.22972742180001
8831,4.04996947031143
8759,5.080400421908554
3747,4.717698253545737
1597,3.865605371848589
4490,4.775160562791432
11275,4.212806994357138
19697,5.609782957542882
10781,4.451124031408594
7939,5.150529137577146
13104,4.5915163669371575
9228,5.731115134671417
986,3.6823995065828616
13770,4.069346091105724
18715,3.6325716874971326
12872,3.8496358321428716
5733,5.153935339248601
5769,5.594507586437119
8741,3.9326634896314356
10406,4.046956833531433
7986,3.824806042968578
8903,4.241738515702858
3182,4.701209480291411
9371,5.928005329920032
18830,6.345642903479984
13362,4.142411801894298
12016,3.999930774677155
15625,3.926357542060018
15503,4.370727373965731
17584,4.832319436279985
18861,4.509211993540031
5329,4.396191046639986
243,5.126935452511415
6802,4.314906524420016
18943,3.94585865411716
4830,3.9468059845857333
16604,3.820896095945727
15765,3.787456739465727
12887,3.535586705557137
3960,3.741060613000011
179,4.180427868977154
4793,3.74777354510001
2801,3.784671633405728
14642,5.340239885711447
14999,4.696858940359981
4053,4.535760927154291
108,4.062509151742868
14879,4.061871440451429
12462,3.9937824672000124
19148,4.535029008248554
12531,4.043269786605727
13036,4.225459857117136
12304,4.088513923374286
5150,4.443212478339991
4299,4.254137020848563
4838,4.127667287919998
19114,4.018633764925722
7195,3.938037497434305
5868,4.180707502425714
18215,3.9403561141714447
909,3.9255097959228684
496,3.925841771145713
1244,4.146912846994287
4953,4.154588017988571
256,3.8968276450771424
1232,4.177194676797163
12026,4.031448919282862
15484,4.018794679454298
10138,3.969713096842854
15839,5.270182317271428
8459,4.4434942003428715
3923,4.264890592851433
17807,4.6115798139028445
13027,4.035984006611435
1379,3.8761149406171533
3688,3.7164518692114403
16525,4.4463573020514575
7872,3.8692444648800133
14909,4.011916078342864
12029,4.0717445219171475
4890,4.716592403911413
6766,3.900989739308574
18705,4.097654300662856
18315,4.2304972269600105
5221,4.035184370300009
17341,3.980924331531441
18443,5.291625188391446
1543,3.9223771475771394
16321,4.086805051337143
1156,4.164125376074297
5985,4.0118877131400135
7187,4.098675955577144
17938,3.822681794602871
6300,4.136953748322866
1610,3.381489756274291
4023,6.03989931104288
4701,3.9219652163143013
15821,4.715102290708549
2110,3.7310413166428686
10798,4.656340615354267
7251,3.9187601087685913
12646,5.2751293267342865
11809,4.104064024645722
93,4.355790094794305
8190,4.011261337568582
2759,4.679851109957122
9629,4.093550483877154
2465,3.578864636634282
8641,3.9640532828400157
11253,4.820958022165698
9920,4.529438667219985
3227,3.882812291794297
6521,4.105807918199999
14991,4.438306808468551
5909,4.699002265879973
2322,3.7290782307571533
9069,6.157445810948584
3272,5.114729790737146
13783,4.325243635882871
6196,4.193574938368591
7694,3.903469278837162
349,3.875514692237161
11627,4.2717748241314455
3349,4.286810260168564
16466,4.020311408985721
18976,5.55436557594285
7709,3.769081807925727
6853,3.9247715201571625
6942,4.0966390619285775
14808,4.841968915637113
13449,3.925379155960018
14173,3.8113445493114444
17061,4.163310037185729
6912,4.051327195591427
1702,5.340896029822853
7764,4.713907604222872
2211,3.6460152165057136
11648,4.098946827620003
15537,4.084796476997155
4320,4.456923181971449
14237,3.5467354045885644
1224,3.5284719609828517
12335,4.3193925215885765
12965,4.701122442788555
12267,4.082312608751436
15051,4.229135890817137
783,3.9023195403257316
18073,3.922801321980019
5684,3.6999103698485833
3632,4.104794256340002
11614,4.087859219557145
10864,4.035875361431436
12669,5.598275508351433
9353,4.584619094857169
18025,5.251725531491428
15823,4.644314754814259
15757,3.7897863537285783
10887,4.089607420631428
14383,4.399123193574304
13730,4.095399779317142
3475,4.80460034891141
15361,4.494226389874273
18814,4.783151455085704
14244,3.9348809616200144
9258,4.207391103591425
9986,4.065567641777149
3241,4.001433944297152
4968,4.0813643720114285
4416,4.098819196700001
13642,5.500930061431401
14492,4.077038045411439
13316,3.9586467322371583
18396,4.295927803388592
13983,4.656230556625718
2986,4.337452253054287
6605,4.2409638970742805
11364,4.513265557688596
17439,4.435023490768584
5781,4.802547294945716
16540,3.9936806594628584
12487,4.260005047302861
7233,3.936676215491434
1755,4.662596857308551
19602,4.645955967462879
6611,4.227232531222862
7320,4.100406473291445
17455,3.883873272008585
17134,4.405930658914293
11877,4.134579126774283
19082,4.226985528980022
16620,3.94722284643429
1349,3.8145625616800065
7705,3.387348936700005
5062,5.000706908457126
3602,4.105614003482875
11345,4.552070429931435
13984,4.661954619651414
4690,3.7553535816285835
1558,3.5179721617257083
4542,3.850052076957159
3400,4.018291583451442
19435,4.97324183129717
9843,4.059600126988574
2870,4.975446190422833
12663,6.066582154411434
356,3.5050553022199957
837,5.120967469334283
13217,4.1139862423714355
9850,3.8264914348057273
15595,3.9631908608857307
2268,3.9580573906143055
10131,4.003337426094291
393,5.810989769045705
6558,3.4098853021628632
14047,4.068430154808572
8401,3.845439261357149
18586,5.112589310319971
19098,3.9609268363514456
6777,4.466564294200026
17297,4.492870217322886
19204,4.0805083819400005
3403,4.188805750240007
17967,4.663460201137133
2908,4.459856866714304
5264,4.023124795005719
12733,3.921419621202875
14729,4.0116092982971585
19004,4.532319534600024
19615,4.2574614991085635
17626,4.089159928917142
19649,3.991606579331442
11201,4.346229325857134
19169,4.706224536819982
18110,4.68040262493427
17808,4.871049562582846
3994,4.620019982179986
8817,4.590928623905732
12459,4.088650601971429
5212,4.545042661511445
9034,5.4634030992314075
779,3.552582627462851
14229,4.009617248537151
13161,3.941900958862873
16083,4.085207172080003
64,3.9092677995543044
4210,4.499235879462867
16872,4.032135791802863
5324,4.178988696977163
7280,3.5534762152057073
10683,4.6140840060114074
3232,3.9052210587057186
11039,4.371170682437162
18026,5.269737776554293
17635,3.9249951450485923
17543,4.089051314391434
14284,4.065265955011431
13418,3.9806141340799934
14842,4.916905837397132
6400,3.617982230354281
11082,5.207927736845702
711,5.064437550742844
14739,3.931973044531448
3110,3.9309675287057178
233,3.839178087565722
13581,3.9884628763828687
9330,4.564977814648568
13336,4.063585529305727
15190,4.012007121937149
13942,4.6803075918485515
2413,3.5231819465885663
12585,3.9708945210914433
834,5.621650210297151
8074,4.732014950945739
18838,5.202369833565709
18549,4.167925407322851
13138,4.198912454379994
8809,4.5027581242971655
19561,4.5647257133942984
10196,4.016951096831435
18760,3.9285857361171623
1386,3.383630213768573
15733,4.075736396937144
12189,5.360923052354259
14353,3.9684843782057118
12222,5.3973869227942926
19044,4.335679462091424
7262,3.4947237875371484
14801,5.507054209102862
13643,5.406206175202835
18282,4.270909127417154
8563,3.461829094345721
8266,3.7975999874457296
16413,4.458414192302882
9096,4.65901863875142
1737,4.648484290977133
16449,3.9736492172743003
9628,4.242049892040009
14763,3.9226036624000193
14221,3.920673720288585
4179,4.826399122491413
15283,4.613412652559985
3690,3.749864460082867
2510,3.3108407758942766
14603,4.320003202508588
4415,4.089681556097144
18517,4.049441572477148
13439,4.013867914414295
17012,4.274400234134279
9336,4.628783194057147
12409,4.346293171197159
14096,3.772229372402848
4864,4.546925965251405
4924,4.891404400751421
4532,3.9836229833485786
12077,5.747627550131429
14822,4.602127245068574
14682,5.91930725576569
9980,4.0214584369771496
858,4.419486890951449
4439,4.642741572785727
1951,3.7796224284600113
7830,3.736734646465726
6732,5.361451074622859
7956,4.013081488325726
15719,4.507404014354282
3401,4.090900803648582
4975,4.070238006194293
727,5.675173854708541
16474,3.968722658817156
8742,4.197801757328572
8169,3.960768552368584
6860,4.04041742829716
211,3.680429307837154
1438,3.805766553702868
10707,4.004126457000009
2434,3.6394278903485833
15829,4.488365369031456
14516,3.9473277778457323
16330,4.051572366051431
19443,5.112374451114275
11879,4.01464044512286
15268,5.093614099545684
19297,5.006500472977137
4071,4.160249269211431
7690,3.7763090694371573
8123,3.976979248031437
3677,3.8788379802657333
10308,5.0235022790685555
3229,3.792464376245723
12579,3.839427704440006
15066,4.1956925155542875
1563,3.8323132152285866
7529,3.9900800620314345
12958,4.152607082877151
14695,5.252979442177125
18508,3.9985292988914387
19666,4.057287786417155
13021,3.967337080580012
10057,4.007933793211438
12767,4.768028595011434
9019,4.525248910999995
15452,3.9781629640514393
964,3.5276835487114315
4228,4.223436752742851
5579,5.871994331619994
328,3.7661724715542975
4710,4.107917676102876
11077,4.58499862074574
78,4.035613885579999
12594,3.8791509120571583
10892,3.895959274268578
17858,4.880825224751416
12780,4.330817364091424
4541,3.734137077488585
11947,4.5090085316885995
1946,3.7639008182000135
6789,4.6247907930628305
1392,3.832809690111433
14202,4.677836581319999
9969,4.155407217522862
5401,4.012443686454293
11204,4.5763829343057
13906,3.839946191305731
13203,4.089698611354296
18408,4.386269191760026
8159,3.924017451525716
11808,4.094007216374291
4423,4.234718618297155
4868,4.608161027231401
12827,5.02426513425713
9825,4.329251209048589
17185,3.9272335558514473
2705,4.02913585826001
10955,4.905051251351418
6841,3.979984380371434
9669,4.583582453948567
13250,5.018836129039993
18628,3.8141197177085853
14981,4.6510631914228435
8249,3.7304101289542775
16613,3.932245449228575
14800,5.589181512465728
7925,5.0463537569199906
18234,3.957904407245732
4569,4.471643460377164
12570,4.0557014913000025
9307,4.5191269366743
19595,5.5070672298800085
13933,5.371358742399981
16403,4.375274097122883
9648,4.457560247108599
11434,3.9320236030885884
14752,4.031777298585724
14186,4.670026746842867
11958,4.592456283728582
4235,4.347992388368591
754,4.562728617937141
14693,5.725424062600001
18952,4.108163746474285
5218,4.202142955362858
4271,4.472145592568577
100,4.769397079620007
16800,5.139280630879999
8793,4.5011432982542825
15224,3.536899641234276
16601,4.143898541194293
1849,6.046728216122872
2083,3.7884079997914406
17090,4.248851435728564
5147,5.072115699711407
10417,4.026126533874292
13775,5.193600418948564
15703,4.943994555005704
8014,4.697504222394269
19186,4.202229115165708
17376,4.402798034402867
5577,5.775162296534299
5335,4.529393211802872
19384,4.243293596342856
6906,3.9610890883400036
6720,3.903437948745722
12104,4.898031402474264
8505,5.15526747172856
13038,4.11421281338572
19364,4.000532507285725
17383,4.398487326394307
11910,4.1232035901
6058,5.3341322865857075
1840,4.936525078337116
4311,4.653939396942832
10464,4.118394806254288
16094,3.97324028868573
604,5.442306011777128
13310,4.084636023742859
8391,4.009938901291442
4453,4.760951905739978
524,5.01066292693713
18150,5.150188944351411
122,4.821565615880011
4366,3.4301688367828627
12146,4.14821739948857
7397,3.7326832153371523
17147,4.807099523611408
11652,3.951090713637159
3055,4.051879595054298
3566,3.9663013736171466
48,3.9279923519371596
16878,4.092498389134287
229,4.535167344462861
8772,4.4899008604685875
12797,4.603826698851432
10910,4.383668195762873
4433,4.570333915431416
11232,4.675459153171425
5322,4.053861627051443
19448,5.000271025057122
15724,4.080325812928575
13932,5.535377350385695
1017,5.667609723608571
1928,3.630892348782857
19121,3.925604139794287
9179,4.252590890202857
14628,4.486242059328562
10367,4.603013232528558
15832,4.883064486977145
10920,4.35059749097714
14836,4.402493784340019
11931,4.303459272020004
19558,5.024596206522846
17495,4.077668765311436
821,5.062979215705739
8273,3.7978687489000147
15777,4.011543605580009
19043,4.453645223659987
10889,3.934584016465719
9023,5.692048728174264
12018,4.176740391562853
2833,4.997257879237151
11238,4.78347862887426
7406,3.874334898191429
11940,4.410657798760027
9979,3.9632734100400135
7768,5.392198644411445
9285,3.985981484808578
5210,4.630505452331419
15403,4.54429985702857
15553,5.059579520599993
15386,4.355963048722847
14024,3.9853018769800097
15101,4.1191128841971425
15807,5.103737490042872
14120,4.915394277385704
4934,4.207927181745725
14352,3.759151418371424
14253,4.208356897200004
9335,4.5050344906
1548,3.8567177146914164
15227,3.673627767851423
10713,3.8754145846600183
14831,4.2103963476114314
3127,4.098917618662857
9694,3.878547968014303
7160,4.031884434668587
12280,3.9175559885914475
16573,4.4800006382371675
10962,4.405911198922856
5171,3.705050871091426
6743,4.445070079922837
2379,3.584338055382865
8021,5.258641325860023
14738,3.920124436214305
8609,4.371508921028566
709,4.3870934842285685
118,4.8570426937028675
16767,3.9369715341057283
4163,4.991341921419988
6310,4.259783679034299
15447,4.165774956731426
1425,4.31018646405143
5027,4.438970504145708
9799,4.5828898617657305
5851,3.744367507565725
1850,5.8667969860771585
418,4.136953552534287
5819,3.2549995697714342
10139,3.8763976089685666
10491,3.9147308531000196
11978,4.606064278259968
10524,4.505491871520018
15545,5.190595945408589
2810,3.7085621525657233
574,4.186752045491433
17198,3.9229180722914485
9232,5.8121975976142615
17121,4.20490077756286
8695,3.885684699822873
10514,4.560107678331405
16284,4.771841451251417
848,4.560356489482867
16662,5.082567968311433
4332,5.165222047128574
11586,4.053186051377143
551,5.900123045791447
8032,5.498999964259988
14604,4.288643176371438
3443,4.047053548468578
11501,4.531605686217154
4175,4.81115983119998
4222,4.265381729422852
6752,5.16764447256571
7338,4.349583089925719
4144,4.827785327094269
8276,3.8801681210600183
9408,3.9118983837571606
7572,3.3122636455228633
6537,3.734317033394294
12153,4.0858279629771435
4137,5.011224392971409
3039,4.844477321697155
4150,5.507577321345696
16365,4.982389859791435
12024,3.9252292189914475
4157,4.886905063202839
6349,4.504911021819991
164,4.108350803159998
16025,4.104286475625714
12212,4.950166723625722
6851,3.9145210038943055
1334,4.005853236371442
8779,4.038087766891443
8945,4.672267608499975
11256,4.715934251348575
706,4.485469350682874
11991,4.201960321239995
14144,3.626991046071415
15936,4.6824613226057075
10438,3.5696133174628457
1173,5.95374226790859
6437,4.58111310346855
13505,4.280510137897158
5289,4.522912547237131
15326,4.0789081926
8098,4.357455756388583
7952,4.294458286497155
7334,4.221021216205719
18284,4.307005057077159
15684,4.1799472449828645
4200,4.884836572977136
15467,3.9300628710657253
4002,5.554197286142873
4753,4.31457284192571
18778,4.042091843797144
3019,4.890864788834264
12955,3.977413938797158
4402,3.7474593509428704
3666,3.622840652611427
6520,4.116252303045712
16775,3.9692368349885765
13114,4.893825613648562
8613,4.480294295654273
9257,4.100020704337142
2637,3.7283504671542973
877,4.635243749508568
8388,3.81594732043144
98,4.394260418531433
2803,3.791715081660008
6496,4.701152544522846
19336,4.0760434431914305
12712,3.815126395642866
2682,3.830742917105729
9702,3.9786948862342935
5356,4.230959007174283
5972,3.8464510823143017
9436,3.941591051640016
7787,4.540358889342852
18514,4.002951168097152
8446,4.19668863917144
11163,3.9688898157028696
17971,4.553652816648591
16153,3.6069979766571403
759,4.028553945879988
12569,3.930047128831437
2663,3.712535735840006
13359,4.20922564749144
11673,3.9435354856428773
5839,3.7368361969914243
9494,4.204991303868568
11305,4.0160378454114305
16167,4.079721148640003
8627,3.8540961390800086
12807,4.97605306950284
6727,5.113874681485725
2135,3.79041663349144
14093,3.84698970350286
13523,4.386630553354283
13974,5.080459512994277
5935,4.285484335308569
15236,3.9467566611371625
5961,3.9292571467200177
2603,4.344381117217168
14390,4.642047588588562
10918,4.369227306965713
15443,4.292377868542863
12756,3.9831879398314327
1545,3.6309095786914143
11572,3.669681776868557
6984,3.9120773866657346
11089,4.728438514545694
5204,4.682365152942849
19325,4.145852642125714
9154,3.7720839457771542
363,3.71527679331144
7670,3.853530743520008
9602,3.9410455819799926
18355,4.041241754371429
4575,5.515454793122847
12410,4.281358441828583
19719,4.323748484737133
1532,4.222471328085725
17916,3.7327540812942894
8269,3.8772491175028763
9727,3.999573502268583
1480,3.9992741445371602
10151,3.7426664056171544
7067,5.112905074179992
17444,4.440529955102883
17062,4.230462968380018
12486,4.468702559257133
2713,5.513509468434252
14746,3.9575886949171593
18744,4.207132570860004
18834,5.546199894231438
16885,4.103142196062859
16771,3.8704937006457327
5427,5.443095887297163
8834,3.993769275288579
4272,4.492291446365736
19423,4.384603101885739
11049,5.012004339788553
14224,3.921603655377162
4626,4.562012936545732
13483,4.3511819572485795
15032,4.084989968325713
16545,4.0226863239000075
14760,3.9471625083400186
5471,4.476565319168599
12653,4.77193768981429
4522,4.054712180394294
2223,3.540115151145723
7366,4.779214398697136
6257,3.9203428251314434
12095,5.637787297942862
5840,3.71952126573429
6175,4.353605888971437
4151,5.462341121097118
19418,4.375381166557143
18775,4.076078103620001
7376,4.136591873971428
17624,4.08480770148
17653,4.756326084637121
6413,3.715765575500009
7481,4.111943725871447
13874,3.921635632431448
13465,3.8416299355542938
7798,4.453701720285728
17387,4.073527091794291
8895,4.6676872953628425
6678,3.4093724058171495
13769,4.045362260342872
9413,3.8835237802171587
8518,4.94814407894285
9196,4.173123787625731
16410,4.4853394759771685
13702,4.637803728382838
11740,3.782537492811443
19091,4.163452383397159
10710,3.962233069565728
17008,4.237948765262882
18984,4.78132804112284
12746,3.9133665440600187
240,5.338944136668557
10771,5.8057758157457435
13661,4.17772585596
17569,4.746298287394261
6637,4.75521511748573
228,4.953698202697138
17254,4.0995893138
6001,5.07661636015146
16324,3.965974018057155
18175,3.8247764000285853
10400,4.151240684020002
7450,4.198193801508586
512,3.793365900948583
13182,4.010237536922871
12444,3.9352585854485875
2721,5.638179786365705
7893,4.487910810385742
8042,4.835155092054299
15300,3.9151908064400165
17403,4.450921279414315
18592,4.709774497431419
7440,4.2902449338228665
6768,4.184277802848567
1045,3.987296846374295
13044,4.011632494640016
4487,4.837094304062856
4645,4.048377601734291
18058,4.13836857002
15939,4.713080075537137
18743,4.305873869817159
6414,3.6821526763600105
3150,4.302601109154287
9265,4.0186568973742895
12702,4.000014264405716
19230,4.244000068568568
6146,4.190561966837144
9775,5.24223129645142
12002,4.096238794677143
16752,4.006646472000009
5603,4.586599179908575
10814,5.322253431199986
4267,4.467039536368554
9158,4.522751562465714
1754,4.627923408954267
14697,5.163074256331409
12674,5.694179425908589
15335,3.9086437993371543
18793,4.1249052060057165
15482,4.091332470562876
14699,5.025956941228557
7090,4.155671248931429
9381,4.925436295222875
16849,4.386777881868595
7037,5.1413567406800045
13723,4.085455704511435
12805,4.824358870482839
17335,4.089962460425716
6326,5.527803398865719
4239,4.164021785259997
10937,4.241504732125711
11638,3.83050248866858
1129,3.77309900324858
731,6.121295350822855
2795,3.781521783462872
7601,4.149635794751435
11469,4.030190674837154
11932,4.356005587720015
13385,4.570529888797151
3339,4.804423317217155
5214,4.38194802996001
16243,3.8150360917943007
16357,4.021026480154296
14932,4.671346864611444
16597,4.195018949485719
12478,4.050524335662864
4476,5.055741583465704
6899,4.074941490728573
2598,4.055700812508589
6191,4.143886438545726
7237,3.89746254036002
8236,4.536005112068577
4623,4.593371603014294
220,3.8013046208085806
12632,5.330665068400018
18051,3.955142625677156
2476,3.6899544998171536
10941,4.340366213145724
6487,4.601025273677127
8488,4.171972207105731
14361,4.090085433882857
13948,4.288531235248572
4340,4.9954401070343
18490,3.924734710314301
13614,5.2668245370685565
3296,4.8779639148885625
12372,4.64607916080569
13993,4.5495658040085765
12271,3.9871525790628706
12108,4.6123027309542985
2639,3.565160305974293
7204,4.263978140259997
16352,4.743460187954273
10171,3.9298431776428755
5979,3.981536798682868
16156,3.970308251042859
11538,4.848975262479997
9190,4.650392702077162
11052,5.146593460859978
9281,3.806611131617136
2653,3.6762045611085816
8514,4.955280774362852
18906,4.060741532145716
15377,4.037259997582861
11288,4.087927299614291
9642,3.9756083596114467
3917,4.616164922905708
9709,3.902590541262874
9030,5.337003348965686
6477,4.495131550808599
13447,3.944438143248588
12884,3.830810610925707
17629,4.032355232620006
15204,4.253474386039995
2170,3.706134986740011
9627,4.248669500651433
19090,4.24642816835716
11348,4.58065258159143
17273,4.128793307908571
3243,4.026977197888576
1473,3.921135207700013
15582,3.9271560078200114
11459,3.9181984888857238
9082,5.564828931634293
8465,4.585261305874271
171,3.6849056158228426
11380,4.5628484092599955
9974,3.8316946256057283
9035,5.397497902351418
904,4.091776114380001
13853,4.46393512543429
12177,4.148141476962858
9316,5.406605934980014
9927,4.496749486437147
14115,5.505287403788571
6365,4.673669729325695
3622,4.534067000717127
5930,4.49270341007143
18841,4.783452659234306
2339,3.298031298177148
1539,3.9642812477371567
6106,3.5845973160285642
11985,4.39127514418859
10064,3.9347894490200055
3590,3.7447075658857076
15473,3.848373555654292
6719,4.028798473765715
13870,3.9266947926028766
16180,4.027654335325717
14829,4.294287990528589
2381,3.3881328272942897
9269,4.015938411157146
920,3.810507222748585
746,5.033106130142844
14674,4.57978085075144
599,5.43166563522
19147,4.458286394031424
4362,4.060038307894285
7244,3.7403774482285828
18570,4.466443023494294
15855,4.06589080996
11463,4.2595030726657255
2035,5.6707126990400285
19365,4.041545033688576
12117,4.501012206897168
1499,3.755185906057156
14220,3.889067477614298
14651,5.846314298822892
3144,4.211169564317137
5594,4.8955100808914045
15763,3.7698242258800096
5231,4.03592735330857
2076,3.8072730630543012
7493,4.653654249805718
2240,3.7783746607028674
4603,4.7055769685771285
1985,3.7493693338600105
7774,5.137441006754263
9726,4.020839549385724
12172,4.098806011428572
864,4.726065687571436
7940,5.1310955164857175
4651,4.084180841114286
18280,4.137769005468575
5919,5.126075389220019
18631,3.667592029305712
7148,4.264759721980012
14925,4.326739475582859
8044,5.014654730022866
16252,3.6344246977057044
12435,3.8660252745142896
4535,3.8141311188228513
13667,4.249436985097154
15345,4.117951763694286
5573,4.613453946371431
3981,4.12687375060286
12856,4.074563683082859
9886,4.47415709061717
18679,4.413004955502844
13210,3.949186282014303
15846,4.492282886062866
12488,4.132753473222869
10401,4.038066312182869
5672,3.78775229074287
6897,4.00176981413144
4563,4.309276006265715
2350,3.6958659746857236
9589,3.707481785454288
19429,4.332021721328581
2229,3.7314883713114417
9009,3.872918831791446
4042,5.547580512291447
18539,3.9665345831800156
6761,4.134064842474285
19063,4.014643995654293
3398,3.7640156660685826
5983,4.180559752762854
2363,3.851274951414304
5953,4.1006936252257145
9822,4.474530155185714
13650,4.358871340922861
10680,4.689278733788553
14649,5.731874920077166
18015,4.552165729537145
16050,3.929330449731448
15981,5.162630636805707
7910,4.399595342931452
9379,4.951371908094304
14764,3.928114532925733
18016,4.512594448628588
11926,4.224527416225726
16654,4.52466643483716
18083,3.988032798034299
12540,4.568189858194303
1789,3.5462913855114375
8090,4.504759110691444
13240,4.119929258840008
11258,4.583430336865725
14456,3.916895229242875
10338,4.317340721394292
7905,4.0641722397342965
10152,3.8567330645314417
18300,4.7179478843056994
3096,3.768171419031441
2971,4.843644141071453
8790,4.248881877742868
19164,4.7289429128999805
972,3.889264328994302
17313,3.998855457185723
15937,4.830891631834277
4906,5.450433672508593
3217,4.208527551274289
6763,3.8559667646485742
4266,4.331517699394278
10972,4.398133037911454
5316,3.964138602322863
8849,3.904146545808587
2845,4.513580503905703
5244,3.863494479680005
15439,4.367429825180026
10398,4.289848649842859
3854,3.9409016092171596
13058,4.006461071197158
15440,4.371331977814311
12229,4.7120464450885775
2402,3.6185133961485807
5184,3.947027264768591
1073,3.7795623576942976
14698,5.08305742025427
6524,3.7165891369628565
1635,3.4750247121542954
7504,4.6807047367057
7566,3.7328980667114386
14719,4.0108178192342985
14348,4.16475402072858
6169,4.845347330182852
19193,4.116630452094287
15521,4.096473517034296
9460,4.65327696499143
3580,4.02670693713144
9454,4.905974730982862
16418,4.724443764174293
5454,4.036578817954298
17326,3.899582820968589
16890,4.091828540488571
7000,3.9798867334600203
13558,4.401410845537162
16109,4.4351314390885985
17096,4.083568088388573
7036,5.20683966321715
13247,4.803661877757144
6078,4.290162415748577
14279,4.381462280508573
18772,4.004339568017151
5898,4.683879084811412
14365,3.999834059697154
13157,4.021874118448583
4298,4.266603728968564
6646,4.548351157765733
3783,4.021983024491433
90,4.287068234545732
1987,3.9438922050542895
2672,3.689087231625725
9080,5.708390075042865
7192,3.955641548597159
5043,4.1736779456200095
6589,4.111423720428573
13780,4.480089880622858
16064,4.264402854568569
15538,4.1635062673800105
9793,4.575479882454286
3672,3.804966197611445
17700,5.45592532221429
12427,3.9447793866000147
6995,3.880694603297156
2398,3.3713068572057194
270,3.8795479395542882
10703,3.9198334456628743
3354,3.9702934909685843
11273,4.271566274439992
1273,4.228973714979995
5698,3.8843026266971616
8728,3.9171766458714417
6797,4.547290282579997
183,3.964597167111447
4005,5.221594733725699
10848,4.106616149525714
17123,4.130055116191429
1961,3.732139190131441
9570,3.9129037012685894
1251,4.197609116411434
3176,4.9270533364228255
13264,5.227998391968581
3359,3.7593711604257294
16430,4.655205312620008
15359,4.2898157118057085
19192,4.11363785016
12580,3.979754258680002
9221,5.067241184714264
4763,6.106392730317134
1874,4.248417391331439
9665,4.690302008637124
11412,4.027310708448576
9008,3.8606935076885875
13682,4.351699405960014
9448,4.563144580897168
5831,3.8688524458228746
13233,4.136604167074285
3113,4.206145812105714
3303,4.910772371025692
14442,4.041776887197142
13579,3.967251349960018
11143,4.051412420265719
5048,5.2998685096942895
1504,3.7142452931857197
1717,4.868518403151432
14643,5.339732978362875
142,4.041508785545719
6771,4.306280390574291
6992,3.8907154929228716
15678,5.263918617205695
16139,4.756334530408552
17940,4.194125967328593
15758,3.9197195840628605
1117,3.8022765638714406
14573,4.309691585371437
497,3.8338445295628616
6751,5.193635835574294
3357,3.818510266654302
9104,4.437439152628587
17642,4.040937699854295
18034,4.350672092951435
8102,4.290889270628575
16731,4.103258219065734
19253,4.070939458122854
4204,4.827289111837138
6129,3.7705822749742994
2979,4.749000121834302
17884,4.364751616848587
13438,3.9868740082971557
5918,5.354551407085737
11874,4.11253799836857
8263,3.708883643302869
6855,3.9372523587143062
15356,3.945735883211435
2785,3.46401034020856
1666,3.326056173020005
7579,3.9149926741314447
52,3.913815689385734
11084,4.696844579214261
1574,3.6947934673600087
11395,5.504692375188585
18595,4.975238896159979
16568,4.6315184617285965
6587,4.248801198242855
3109,3.891463422280006
446,4.729798464431413
844,5.341794446794269
5201,4.5783420129714365
7124,3.4414572076657017
4774,4.357767325648588
6327,4.911470827414309
9182,3.950048863348573
3136,4.236253992211422
17510,4.045537981240006
10335,4.2843470674085715
19305,4.768517455345692
7542,3.8109539253942994
15968,4.574068700528573
16685,4.293802581357136
11349,4.623616946525709
12057,5.430966060834297
2148,3.7464239621314412
18417,4.388197458182884
9275,3.7686064006971516
6711,3.6885399431314316
13404,5.61306328804002
8301,4.528414620071414
4331,5.483016207597154
18890,4.6046714815371494
8775,4.198772079822868
3970,3.858368445197159
18168,4.3732089645600265
6628,3.872298607265701
6034,3.8979268898257327
18489,3.909752572237161
3135,4.2325728161457095
10846,4.139939961757147
6774,4.440361995257169
464,3.9053677763542978
1257,4.267823554934296
13384,4.538320638660015
2566,3.657496980142867
5866,4.165811562397142
2387,3.29766573095715
5021,5.306598822351439
12583,4.047345241645718
11115,4.4688049025314465
8135,3.6415375433657124
9802,4.604684989237148
14145,3.8215449004142763
18438,5.121834446222854
3255,4.273591524734286
2690,3.7296166113285785
7389,3.912974277871448
10669,5.0433964852742825
13120,4.756852793582831
2505,3.7970790687114446
13288,4.151277385748572
18460,4.201862107557143
16155,3.840716403285723
6837,3.818096375337157
3226,3.9165055583628696
9229,5.82999929341713
18728,4.385749765680014
3262,5.089954201294265
7876,4.160034057711437
15407,4.4554105424342705
4478,4.8713105661228475
10776,4.655541789431451
15715,4.602476160137112
165,4.101614896802856
17615,4.0043546453200065
17816,5.043181643391416
11962,4.779172009014268
13299,4.02959505922572
16880,3.9989965178371527
4460,4.794843540679982
9306,4.545375976060002
5669,3.857415771554301
12031,3.980063099991444
15623,3.830303621000015
4172,4.688044082125687
689,4.123494048197159
1837,5.032380229888555
9732,4.034017249760004
5710,3.6819547852542778
1093,3.7998641943228697
18645,4.048181578254308
19589,5.541549153868552
160,4.082585229222857
6483,4.449274025100024
18710,3.860710516914303
10006,3.954876897822871
19699,5.518301947088572
3046,4.399793709297167
11142,4.021862574148579
15020,4.228371077405709
15325,3.996720039920009
6204,4.866433844642862
2725,5.256096951339995
4334,5.061200089220002
10744,3.9889118455485857
857,4.404295403340019
16233,4.078083279557147
8841,3.953715841997147
10973,4.399919590434311
615,4.272776917571423
16118,4.3429135928057185
11748,3.689190811614298
16287,4.651651469059977
1812,3.767875939108584
19400,4.025496608600017
11663,3.6090954942142948
2942,3.7237171095228696
3163,4.140232249917146
7871,3.880318820011445
3792,3.9165418809685915
9695,3.8457968091057304
10045,4.097716358842861
1892,4.444701585251455
6457,5.737689881014295
249,4.105586863422848
15560,5.723211631054292
5255,4.078655937599999
15768,3.9013756988657327
17244,4.024470140605722
8026,5.689348054097125
10858,4.0921042504914285
6003,4.8798742178628824
10562,3.922267023402875
11996,4.184992759722852
15169,3.9170350698543044
18863,4.629332022757154
8575,3.8985768454371605
17013,4.269418724188568
3764,4.601100995965685
12716,3.916903021654305
4008,4.714734792620019
11676,4.002833848154304
9579,3.8087075222914426
19200,3.9811451648885856
15746,3.749170229768564
1788,3.4212347935771485
18576,4.449271740905722
1776,3.598673019651433
192,3.6338894183971537
9012,3.9521410849371557
5388,3.778620771440015
4390,3.8615263036600185
4927,4.657208499939973
12532,3.9728543781885883
10799,4.719255870494266
18179,3.8658666711600076
6901,3.9880015077514392
16821,4.456985092734308
10602,4.040095776931445
7751,4.367340494714301
4507,4.287644237394293
15486,4.1846671486399964
16987,4.086047689680004
4733,4.528544213991452
15773,3.9187460757857338
18944,3.9871171796314444
4545,3.995007466048587
596,5.65355363379716
11821,4.0526540904657224
11134,3.9793843415285832
6219,4.579313343651445
16758,3.8111610699942933
18529,3.8577993935228596
15346,4.083881890477147
1029,5.735040389191417
136,4.133713472217141
15748,3.512933035094271
18078,3.9466682002857345
14387,4.56423695927427
13976,4.862778553739977
2330,3.6935826953485833
802,4.062371956774289
5103,3.9700825696685738
8312,4.741894907088565
18348,4.075492980585717
9014,3.85778834522287
7296,4.102139662660003
10327,4.3189037881857315
13516,3.931907142202876
7352,5.305405170777151
10751,3.9512634715943005
19079,4.165274443228593
5668,3.827807454965728
10659,5.731175683308599
679,4.168256529617138
2041,4.464788373711451
8933,4.1626286513714446
17240,3.9691804626771576
17975,4.634767410331415
17856,4.773281015977127
15188,3.932103439514287
3258,4.517295144494286
4744,4.565434738088574
2912,4.295980171768569
17803,5.221949758748559
10748,4.118017507734289
8685,3.545964609574293
690,4.237212663411446
1993,3.801991092017155
11949,4.505325194114312
1361,3.770862418331443
1629,3.549881226451437
1184,3.9534304985000035
11202,4.4096823237114195
5041,3.851066063500012
4897,4.60512239007712
2346,3.7029859254285826
5694,3.733374704948577
16493,3.946795121611432
2424,3.5987106148771395
8089,4.542068978028592
2426,3.8292131347971567
18322,3.6705521532457177
16283,4.855116774942847
16490,3.677014596297139
18916,4.025908682234296
1818,4.750249680297152
2093,3.2552084952314337
7817,3.9401118584628714
15226,3.542990555734275
9280,3.6565733495628456
12360,4.522920621951455
16194,3.9537203702685857
16193,3.933935941308588
2600,4.295424876222876
10825,4.787602094219977
5633,3.8717223788228674
12502,3.648592439745717
15950,4.540051490625705
7846,3.8700705274400176
15924,3.9993440743342963
4559,4.173208359262857
11442,3.9560609786400156
10758,4.86236031917999
2763,4.558040452522845
13794,4.701815613125721
15599,3.9187232650885915
999,3.2214864955571407
8112,4.106315734391428
14211,3.9546569222714463
18954,3.9989947106828714
4173,4.760654884777116
18902,4.9920953808971475
1907,4.482865341440005
8560,3.6625759998714362
1151,3.795652948300014
9689,3.918992937174304
2230,3.53832812253715
174,3.7532638507028584
8752,4.6799808130885845
9523,4.888294969268582
680,4.173203252048568
7263,3.5952727796714354
11108,5.216152766688549
19634,4.088368460674285
18302,4.74127479700284
12541,4.6534156848828525
12251,5.17817158294002
10179,4.116218585214293
18394,4.019621517508589
11546,4.258884006902863
15042,4.117602381645714
17667,4.432701294560024
11757,3.9617311143457177
9583,3.8591027654057317
6696,3.3376075851742852
15089,4.274049543945709
9065,5.654634901060012
4557,4.127265513159999
12839,4.537650994414307
6297,4.078912116174301
18939,3.9686399288485874
12996,3.607063688559996
1913,3.0904568310057208
12602,3.9101973620057335
4956,4.01679805686287
3696,4.022126762608578
628,3.9648556858543005
12297,4.017486326608572
1196,3.616600645597144
17469,4.03624497178572
10410,3.91565757170859
12782,4.336427411628567
10211,3.768255465694292
3642,3.748263887845725
18133,5.158783715831399
14607,4.193544275422861
11755,3.845823775574282
13979,4.731886326788551
14385,4.506454026522857
5637,3.8667149393228706
3644,3.738750559897155
13379,4.349959433602871
5690,3.4844217310057197
9744,4.295233260122854
10847,4.131880301668574
630,3.9225861730285883
17814,5.321544659111416
6614,4.166345953622861
11477,4.441162100525739
12512,3.92809574114859
13839,4.730520872648551
8224,4.8447385539714185
15493,4.31476408606001
16093,4.016471363768584
18399,4.199001697917154
2158,3.6544701530228667
10197,3.9641363422228713
2100,3.890799360131448
10293,3.8883445315943046
16816,4.645032290268544
15887,4.059416900245718
13411,4.663341082519978
2257,3.855776395371444
5355,4.338084969068568
7935,5.467713122511453
15206,4.1346797065142855
7122,3.519826767362852
16211,4.090068516508573
5832,3.7930223557314426
522,4.215515321977152
18311,4.602275224657141
19175,4.44413822041142
18285,4.321195459985731
11684,3.6848327420200016
8859,3.9383065816600022
19660,4.080466292174287
15275,4.716279607231408
2437,3.4796644837971487
11989,4.27379897267428
13752,3.983222062157156
14027,4.077705280974285
4945,3.965966778017148
9227,5.67412178362856
1228,3.983976214614301
15373,3.415900965857147
159,4.088702760562856
15369,4.182169791191442
10576,4.046806777751431
13364,4.010696894957159
19408,3.835018623788584
2780,3.758439789682869
16942,4.493131077322852
12737,3.9009090457543034
6465,5.149286116131433
7823,3.7597131982342975
15271,4.677001697788544
2092,3.385086374885721
1381,3.9454622065571443
8448,3.727023544902848
11944,4.488974809174317
19451,4.815042129151423
13324,5.412077000988572
7742,4.4239696804114566
14482,3.807760842340007
8016,4.583475125888561
16499,4.326174561248567
364,3.728054172917156
17284,5.207430763174284
15309,4.011146351342864
3825,3.817245787365729
18328,4.088583169497143
1207,3.5445896207628564
16859,4.612906920377119
1140,3.7093560133885823
17398,4.0386414717571535
16212,4.072403859271435
15996,4.750580247391405
1627,3.674799846037154
4857,4.0570792277142855
10582,4.007962550965717
2352,3.4652831892028617
15848,4.43690672176
3807,3.847873294974302
19196,3.986928058685725
8315,4.369851814682872
11826,4.080258833340001
4458,4.777593330551409
9370,6.1846409742686115
442,4.7249407456971255
15747,3.6644904271914207
8767,4.632828337911407
11738,3.96763766662858
13790,5.731810019242888
2011,3.8289481365257285
19543,5.63202852990002
11172,4.0489761342514345
3259,4.483741317688589
1856,5.20260703224856
11777,3.9965584122342994
13851,4.5558771999114045
7718,3.8694630845828724
7544,3.8639828606143034
4658,3.973793265848585
16585,4.407096049911438
5054,4.801891604937128
17865,4.707597699931406
1774,3.3400164918885644
13654,4.341601400860002
4615,4.68256092388572
3321,5.8894379586
12743,3.910462417337162
16018,4.092251682591425
4492,4.8321076848314375
16566,4.901082434822883
16294,4.4529545278885685
11834,4.013064310117154
2866,4.5422892614771655
4650,4.083328400288573
5410,4.093746304685714
10332,4.169028765720001
16300,4.000738626865723
14567,4.56741397148284
19464,4.436065055694275
10088,4.361797208251445
6317,4.989705273860004
1447,4.518577066425707
7156,3.83547445755143
10178,4.179957862082865
17044,4.048139261697149
17744,3.9918442554200113
40,4.178227786751441
6816,3.556585528491423
15432,4.323807458005704
15686,4.145862922440007
4088,3.7276775104171533
6142,4.010307397762874
8179,3.9701569301543014
6370,4.284578911425705
12576,3.9040524501800196
18120,5.398161431331438
1098,3.7832660777800142
12328,4.308731771659988
9177,4.209283183494286
9346,5.375387716585709
17580,4.7463035207057
10592,3.782733537785705
19560,4.652315003814285
923,3.602483783614285
12150,3.9833438801542993
7133,3.908647503854305
14203,4.591987574897146
6629,4.148618029797126
4135,4.731267770637135
13937,5.195165200674268
258,3.932630033091432
8078,5.271852802831461
6710,3.8186536874628705
10403,3.9717165670285866
6411,3.7187984462457213
2551,3.6839477613371536
13489,4.224926693660006
17823,4.56459579337145
13565,3.8775242925485878
7193,3.9391931286257322
19033,4.487142685474316
18929,4.094982115002856
5055,4.881235574945704
17542,4.016159399760013
1633,3.140840494451434
19491,4.001621027297153
18845,5.172205129148564
6304,3.9710399979771482
1753,4.630486652442831
19047,4.151077511437139
19316,4.554125420765703
18938,3.978313942760013
9833,3.783750036497149
17963,4.841602860182833
4713,4.301405239122866
2839,5.66303567513426
15941,4.094021906380007
5017,5.260570495162869
10077,4.152739338908572
13930,5.893544722805697
12889,3.7793420934714392
10028,4.271799199460003
16184,3.964064050122871
830,5.08986660552857
1169,5.714255365268573
19194,4.017802205434293
541,5.546369642751406
19116,4.0030537693857235
14226,4.013418415548579
19673,4.653630180679998
3586,3.4644858437714325
18189,3.979887349828583
5891,4.671840912979983
9235,5.339556928971406
9596,3.9853497725142972
2179,3.7700956980628546
12087,6.146984974785735
15379,4.1726239731885695
7604,4.237634747237146
13944,4.525432821377147
3967,3.7777869715943013
2520,3.297356907448575
10047,4.155239093802854
16898,3.9213487139085914
9496,4.398586515282844
10517,4.460829174954274
11870,4.072813190742859
19450,4.8691341920371345
14215,3.7084594143085834
15997,4.735515473031402
5946,3.7475379031028666
16905,3.9826221706057243
6303,4.1338991623771415
780,3.7278677052142886
18111,4.746616807077136
9832,3.7240961261828636
4531,3.9383720242743
16749,3.919756297794306
11280,4.077525956734288
4940,4.123672456620001
7099,3.988881596214285
8080,4.8611007331285725
18004,5.151011436737118
16955,4.0706618099857215
7394,3.8877000690800187
4719,5.608068901959992
5827,3.863989682574303
16052,3.93345128502859
4837,4.086569630514291
9956,4.733226649348553
1549,3.9729090210085607
9700,4.040405200805717
12411,4.197220556482863
17779,4.07688815759429
3292,4.739042461994271
10340,4.30704946680858
17073,4.194933526054281
6610,4.208018733820002
19152,5.141078805054266
11871,4.084157640865716
7137,3.8578580200000157
2530,3.731798462142871
4917,4.8406418558057
12686,4.895512318837147
8264,3.698850910968583
12265,4.236689105697138
4107,3.744248819728585
5435,4.056679217257158
5782,4.691631982659989
9715,3.7897666027085797
17396,4.017311891554297
4895,4.609200507631404
15463,4.048135784117145
18248,3.9463521107457322
18159,4.75533513327426
10060,3.8749614972514355
8533,3.5951775992685584
7979,3.3837708792600076
12640,4.614382176148593
13031,4.049106194014305
17625,4.080118779734286
11543,4.494237343577166
4358,4.267928304959992
7421,3.556737198445711
8853,3.840251607054297
16336,3.1343786553742885
16866,4.644910461051409
6807,4.336743461537166
9900,4.815399366482849
15600,3.9177713021943044
15710,4.82729753491999
2137,3.7391677763714397
7151,4.096186768120001
13645,5.040459867459977
12611,3.9208893161057325
11563,4.0804869181542855
1177,5.240310406437139
2863,4.77060754254572
9218,4.670117723660009
12178,4.23602320670286
18572,4.536231358537142
4114,3.704478415754297
18422,4.460707601594315
5105,3.94069188376001
3291,4.775287787637125
13965,5.335370329051436
19268,4.950273263199975
18842,5.166542387842871
13669,4.1189508332514375
10225,3.9033615298057223
1969,3.8796888479543004
8467,4.623736942339986
1229,4.013639283205731
10724,4.0109170762942945
6262,3.8637615870971582
16001,4.618296187339982
17658,4.313598865322872
1742,4.409727116668586
17774,4.14511446306
14135,4.42289098368857
9847,3.961691790142873
10552,3.9994568641400097
9472,4.198390004879999
5724,4.98315554413428
14296,3.5608696710514263
4599,4.608031568580003
18275,3.948472440642869
13910,3.9241782541743033
12473,4.416362290505711
17778,4.045345936242865
12003,4.102547532840002
4703,4.023708694802863
15140,4.683233800939972
14025,4.031364245731432
4644,4.027110364074293
2356,3.2916298976114247
13612,4.422799628962851
15349,4.2573925962171595
13258,5.944322341074291
899,4.139194186997147
13629,5.851015796374287
17018,4.037401537697151
89,4.204056055280009
17301,4.522767846974299
12236,5.175721884557135
16385,4.380721329474303
9127,3.792136933902871
2720,5.322957237491431
16019,3.9674815557428595
15822,4.686854957994263
10640,4.701120420660022
213,3.679474812282869
17162,4.255747313362849
8920,4.006465225865723
8357,4.5117451625000236
5109,3.9141965731371466
11536,4.756305173359981
13997,4.069759998522864
3676,3.8741063477914475
18807,3.987164505720017
15522,4.042897879322872
11425,3.972186955842865
7424,3.6139051079228577
16133,5.033003899217143
15083,4.18365472550857
11722,3.909405031482877
3093,3.7690750353571563
18207,3.77015594182287
9078,5.489220004462858
4799,3.844102001911439
2353,3.3274890043428593
16378,4.587507179165708
9077,5.278536379474265
17424,4.5912527451485685
19284,5.009118431759999
7059,4.998072092371445
16661,5.428804978339994
5084,4.035492393048572
13281,4.128239938174286
11718,3.889647990188589
1007,3.823299985657156
3741,5.169359996048561
18981,4.782609647065696
16370,4.191469879602855
16940,4.48243855696857
16106,4.427972466640027
2469,3.59979323137143
3738,5.518855331811427
13481,4.228740501934279
14688,5.435181884562832
11303,4.029300515320007
9516,4.954836740645696
9903,5.261925363400007
9105,4.335524388514285
14663,6.181154800817119
4133,4.2201454604799995
13239,4.03113580971144
18024,5.26188870489714
10222,4.0386567053771465
892,4.548337206791433
18297,4.70269037633427
13832,4.750708873205693
10745,4.015417721022868
17208,3.9214230776000196
19694,6.0080913229314215
4494,4.795084530802849
1165,5.111599560560008
10616,4.907231094371439
12316,4.01306719780001
13919,4.943683614311449
15775,3.9316230790000177
15229,3.8086216438942886
13409,5.012637661085704
3294,4.750205345979993
17905,3.9277766591943033
16774,3.926961082648578
12182,4.479481334219992
5319,3.996679859042872
7119,3.6885950281314397
11344,4.579294220588564
19472,3.93584872588859
9130,3.8360440120485872
60,3.9339913567885905
1524,3.9893048996885723
481,3.9114887064200206
15826,4.431149050891454
3028,5.129280614039981
15646,4.1889763900657115
18458,4.4483204185885645
11372,4.211661298108583
8633,3.8387763352657305
18435,4.594200528657138
4831,3.9619685722314455
19431,4.309643288091435
804,4.901013430582847
15358,3.8953281421342933
3452,4.578869066577116
19277,4.923946418645724
3054,4.165650077908579
7218,4.667102457714281
12600,3.712342844265717
16438,4.486066883522873
16002,4.570486146588581
5797,3.8058673902485842
5490,4.337605925060001
951,3.8353913349400046
9984,4.145312967582854
4243,4.11242259882857
4944,3.9993027369171457
17350,4.050486630402859
7973,3.6938719384342966
10314,5.050585581159996
3417,4.039044181102869
3476,4.760843571114271
13718,4.119565264548578
3368,3.8953171499200177
11559,4.020393971577151
8795,4.609479015279974
126,4.642121872665722
5959,4.017411409131436
13635,5.493474031431443
827,4.73690713638573
17368,4.869949539702852
19338,3.930695591214304
2443,3.60536471013143
10541,4.354101163540007
814,5.972498858405706
11397,5.483803289674303
5779,4.531671932582853
2674,3.690337386097152
16478,4.025895253474292
2243,3.7637966007142922
5373,3.750426917725724
2336,3.6571927257714383
17334,4.070078041520005
5408,4.014190464645711
18381,4.159502151840008
11246,4.87091034090001
1248,4.617936731648571
2192,4.032520217508575
5984,4.096477576560003
7804,4.5353008122800285
9510,4.863933355768569
10535,4.590874466208574
18520,4.096031548660004
17449,4.244022075771441
16984,4.006256757611437
9064,5.48021491007144
5951,4.083975215728572
5256,4.082120065234285
18378,4.176733779911429
8512,4.9493362961428655
16608,3.9748347427885835
9333,4.412608284574279
6469,5.384427547074293
15385,4.284926145997135
13703,4.622040550185694
13917,4.855652095445725
14277,4.478257925114285
10167,3.9262815929628747
15679,5.1711938387999945
2472,3.8748254749371602
8258,3.8920701485428753
7561,3.9723522106285736
6168,4.753687221014284
19245,4.065071151039992
10267,4.042085879128578
7673,4.071374119000007
19198,3.9533524378000156
6809,4.312331880000019
15745,3.811300848808565
13013,3.8321965034771566
55,3.9073470229657343
17022,4.100399658414284
302,5.093981685811442
17660,4.523744181360016
6376,4.123403250859998
6981,3.9010378696371606
11314,4.083021716237144
6254,3.8990478007285896
16521,4.507089212165734
17715,6.044059016900014
10209,3.9382348645485874
6941,4.224939283251425
8017,4.4393626574371385
15254,3.964073085205732
3419,4.228914213562869
4544,3.9361453993657336
4809,3.987844437288585
17844,4.878501127122874
8175,3.9779896898514417
13772,4.550716162285708
6970,4.010755655882862
13550,5.113721194805698
8415,3.6895045649171534
9,4.7506457992428555
16639,4.062453985220014
12677,5.732416598922835
17308,4.108813007657142
13216,4.104581720122865
5320,4.018421094051436
4964,3.761613859034295
19129,4.175375834440001
667,5.298684292605698
8662,4.992202772657124
19087,4.161388666451439
8053,5.565631233571404
6190,4.095080969931444
15761,3.9688969688914306
1852,5.7299048392628755
19601,4.798830730251434
4748,4.48582680135143
3141,4.101770955608571
8691,3.66397702172
7056,4.584578742122868
4330,5.772544033165729
4729,4.885782992351431
8335,4.291619614748564
5486,4.9466489006285705
13923,4.598357715022856
12144,4.108364116917148
2143,3.726587163737153
5104,3.9511904540971505
18888,4.646730210597136
11657,3.959059176457161
7543,3.847621350697159
412,4.4123808391857136
16281,4.860208735731418
3373,3.5413826491085807
17450,4.213234856771437
13479,4.31168244225144
9823,4.426402709188582
11922,4.106247996568571
14069,4.046691593137144
4452,4.675398426842831
13296,4.005050349114297
9435,3.9037904905228755
7253,3.875117114071447
3343,4.290123800337136
19222,3.9795091719200135
14098,3.6063055143657046
19478,3.957330040668589
16388,4.167819683311432
15979,4.931515099179975
14599,4.243911377411422
15328,3.921537418297147
9907,5.392420358765721
853,4.4185534812314495
10966,4.357974009334301
19334,4.045281135128579
7560,3.9322818756657196
784,3.9024039060057314
12249,5.71359833102003
17364,4.376498777171425
10492,3.913527386060019
14434,3.8025914669457292
7679,3.812556700837156
4642,4.097427981171435
16609,4.0559453663457194
14565,5.270054196925691
12757,4.035877925034287
8050,4.824266559591428
4555,4.178208676851429
4735,4.672832471574298
13446,3.9526461692371595
16482,3.9731508992028672
15586,3.950424414820018
9874,3.8595679569343
5423,4.712301075677155
14075,4.1728374965
14486,3.758544833782845
6616,4.031075165842864
4736,4.719837720511437
2811,3.7470566948857225
9339,4.658798107197162
2327,3.7352537141285813
202,3.778343631328586
5791,4.152179033134287
18091,3.90226718350572
854,4.411831153062874
3748,4.6560235818543125
1306,4.853307860154315
3627,4.347155711920019
2693,3.6301481522742836
10921,4.332837592539995
10817,4.760180589374267
1678,4.7089544928171305
19174,4.506992022079987
19483,3.91671482696002
16216,3.884659258240014
16448,3.97713556418573
8571,3.8881034696085894
6331,4.618474734808561
9692,3.935373261017162
13417,4.096731681065716
3943,3.8473346305657308
8226,4.852820299214276
2612,4.264636550282871
10253,4.475885814179998
8838,3.7949037098914373
3005,5.867969659062886
18431,4.350073871022852
6420,3.645558428708564
8322,3.9340116480085867
16850,4.386769186162877
5390,3.769201629974299
